Sl No:,Costomer,Month,Type,Amount
1,A1,12-Jan-04,JEWELLERY,473776
2,A1,3-Jan-04,PETRO,335579
3,A1,15-Jan-04,CLOTHES,371041
4,A1,25-Jan-04,FOOD,141178
5,A1,17-Jan-05,CAMERA,398404
6,A1,23-Feb-05,SANDALS,429085
7,A1,1-Feb-05,CAR,219342
8,A8,5-Feb-04,BIKE,60302
9,A9,28-Feb-05,AUTO,199771
10,A10,16-Feb-05,SHOPPING,71117
11,A11,23-Feb-05,AIR TICKET,285356
12,A12,3-Feb-05,BUS TICKET,94470
13,A13,4-Feb-06,TRAIN TICKET,116944
14,A14,25-Mar-06,RENTAL,252037
15,A15,31-Mar-06,MOVIE TICKET,339606
16,A16,23-Mar-06,JEWELLERY,441190
17,A17,19-Mar-04,PETRO,473416
18,A18,5-Mar-06,CLOTHES,128171
19,A19,4-Apr-05,FOOD,484196
20,A20,30-Apr-06,JEWELLERY,177517
21,A21,25-Apr-04,PETRO,371306
22,A22,19-Apr-06,CLOTHES,237612
23,A23,6-Apr-04,FOOD,374471
24,A24,27-Apr-05,CAMERA,270617
25,A25,5-May-04,SANDALS,351505
26,A26,6-May-06,CAR,311751
27,A27,7-May-05,BIKE,378044
28,A28,8-May-06,AUTO,106669
29,A29,9-May-05,SHOPPING,91433
30,A30,10-May-06,AIR TICKET,422702
31,A31,11-Jul-06,BUS TICKET,176296
32,A32,12-Aug-05,TRAIN TICKET,69630
33,A33,13-Sep-04,RENTAL,337923
34,A34,20-Nov-05,MOVIE TICKET,318360
35,A35,21-Nov-06,CAMERA,65440
36,A36,22-Nov-05,SANDALS,111362
37,A37,23-Nov-04,CAR,369290
38,A38,24-May-05,BIKE,384114
39,A39,25-May-05,AUTO,308010
40,A40,26-May-05,SHOPPING,395169
41,A41,27-May-05,AIR TICKET,427730
42,A42,28-May-05,BUS TICKET,288663
43,A43,29-May-05,TRAIN TICKET,396316
44,A44,30-May-05,RENTAL,290937
45,A45,31-May-05,MOVIE TICKET,279757
46,A46,1-Jun-05,JEWELLERY,292306
47,A47,2-Jun-05,PETRO,494678
48,A48,3-Jun-05,CLOTHES,404768
49,A49,3-Jul-05,FOOD,229824
50,A50,3-Aug-05,CAMERA,472044
51,A51,3-Sep-05,SANDALS,135146
52,A52,3-Oct-05,CAR,164789
53,A53,3-Nov-05,BIKE,157346
54,A54,3-Dec-05,AUTO,242934
55,A55,3-Jan-06,SHOPPING,250468
56,A56,3-Feb-06,AIR TICKET,349068
57,A57,3-Mar-06,BUS TICKET,350844
58,A58,3-Apr-06,TRAIN TICKET,425149
59,A59,3-May-06,RENTAL,101419
60,A60,3-Jun-06,MOVIE TICKET,113959
61,A61,3-Jul-06,JEWELLERY,218078
62,A60,3-Aug-06,PETRO,49871
63,A61,3-Sep-06,CLOTHES,305376
64,A62,3-Oct-06,FOOD,307567
65,A63,3-Nov-06,CAMERA,461337
66,A64,3-Dec-06,SANDALS,111388
67,A65,12-Jan-04,CAR,424641
68,A66,3-Jan-04,BIKE,287238
69,A67,15-Jan-04,AUTO,403226
70,A68,25-Jan-04,SHOPPING,437427
71,A69,17-Jan-05,AIR TICKET,185769
72,A70,23-Feb-05,AIR TICKET,161441
73,A71,1-Feb-05,AIR TICKET,423695
74,A72,5-Feb-04,AIR TICKET,324335
75,A73,28-Feb-05,AIR TICKET,432467
76,A74,16-Feb-05,AIR TICKET,430079
77,A75,23-Feb-05,AIR TICKET,169764
78,A76,3-Feb-05,AIR TICKET,65278
79,A77,4-Feb-06,AIR TICKET,474394
80,A78,25-Mar-06,CAMERA,235000
81,A79,31-Mar-06,SANDALS,292851
82,A80,23-Mar-06,CAR,467826
83,A81,24-Mar-06,BIKE,160378
84,A82,25-Mar-06,AUTO,213007
85,A83,26-Mar-06,SHOPPING,83931
86,A84,27-Mar-06,AIR TICKET,189065
87,A85,28-Mar-06,BUS TICKET,443378
88,A86,29-Mar-06,TRAIN TICKET,139061
89,A87,30-Mar-06,RENTAL,412751
90,A88,31-Mar-06,MOVIE TICKET,56942
91,A89,1-Apr-06,JEWELLERY,374361
92,A90,2-Apr-06,PETRO,371699
93,A91,3-Apr-06,CLOTHES,193572
94,A92,4-Apr-06,FOOD,296767
95,A93,12-Jan-04,CAMERA,366994
96,A94,3-Jan-04,SANDALS,321836
97,A95,15-Jan-04,CAR,347834
98,A96,25-Jan-04,BIKE,320364
99,A97,12-Jan-04,AUTO,164330
100,A98,3-Jan-04,SHOPPING,87484
101,A99,15-Jan-04,AIR TICKET,476020
102,A100,25-Jan-04,BUS TICKET,42254
103,A1,12-Jan-04,TRAIN TICKET,52225
104,A2,3-Jan-04,RENTAL,310311
105,A3,15-Jan-04,MOVIE TICKET,460950
106,A4,25-Jan-04,JEWELLERY,407152
107,A5,12-Jan-04,PETRO,187905
108,A6,3-Jan-04,CLOTHES,9992
109,A7,15-Jan-04,FOOD,121701
110,A8,12-Jan-04,CAMERA,369224
111,A9,3-Jan-04,CAMERA,338894
112,A10,15-Jan-04,CAMERA,217645
113,A11,25-Jan-04,CAMERA,222636
114,A12,17-Jan-05,CAMERA,62545
115,A13,23-Feb-05,SHOPPING,26594
116,A14,1-Feb-05,AIR TICKET,159917
117,A1,5-Feb-04,BUS TICKET,41381
118,A2,28-Feb-05,TRAIN TICKET,331752
119,A3,16-Feb-05,TRAIN TICKET,302395
120,A4,23-Feb-05,TRAIN TICKET,320121
121,A5,3-Feb-05,TRAIN TICKET,370148
122,A6,4-Feb-06,TRAIN TICKET,464247
123,A7,25-Mar-06,TRAIN TICKET,79129
124,A8,31-Mar-06,TRAIN TICKET,183327
125,A9,23-Mar-06,CAMERA,126109
126,A10,19-Mar-04,SANDALS,435159
127,A11,5-Mar-06,CAR,99088
128,A12,4-Apr-05,BIKE,29709
129,A13,30-Apr-06,AUTO,328781
130,A14,25-Apr-04,SHOPPING,164490
131,A1,19-Apr-06,AIR TICKET,266518
132,A2,6-Apr-04,BUS TICKET,317442
133,A3,27-Apr-05,TRAIN TICKET,471584
134,A4,5-May-04,RENTAL,335888
135,A5,6-May-06,MOVIE TICKET,204841
136,A6,7-May-05,JEWELLERY,352203
137,A7,8-May-06,PETRO,457881
138,A8,9-May-05,PETRO,201495
139,A9,10-May-06,PETRO,161043
140,A10,11-Jul-06,PETRO,267437
141,A11,12-Aug-05,PETRO,453981
142,A12,13-Sep-04,PETRO,190053
143,A13,20-Nov-05,PETRO,396753
144,A14,21-Nov-06,PETRO,478537
145,A1,22-Nov-05,PETRO,457317
146,A2,23-Nov-04,PETRO,351736
147,A3,24-May-05,PETRO,367308
148,A4,25-May-05,PETRO,154644
149,A5,26-May-05,PETRO,276655
150,A6,27-May-05,MOVIE TICKET,217139
151,A7,28-May-05,CAMERA,131039
152,A8,29-May-05,CAMERA,247808
153,A9,30-May-05,CAMERA,343025
154,A10,31-May-05,SHOPPING,316736
155,A11,1-Jun-05,AIR TICKET,412747
156,A12,2-Jun-05,BUS TICKET,402764
157,A13,3-Jun-05,TRAIN TICKET,224438
158,A14,3-Jul-05,RENTAL,100564
159,A1,3-Aug-05,MOVIE TICKET,129388
160,A2,3-Sep-05,JEWELLERY,433983
161,A3,3-Oct-05,PETRO,120694
162,A4,3-Nov-05,CLOTHES,450880
163,A5,3-Dec-05,FOOD,136141
164,A6,3-Jan-06,CAMERA,109693
165,A7,3-Feb-06,SANDALS,271481
166,A8,3-Mar-06,CAR,413071
167,A9,3-Apr-06,BIKE,184419
168,A10,3-May-06,AUTO,117296
169,A11,3-Jun-06,SHOPPING,462785
170,A12,3-Jul-06,AIR TICKET,133727
171,A13,3-Aug-06,BUS TICKET,144685
172,A14,3-Sep-06,TRAIN TICKET,134151
173,A1,3-Oct-06,RENTAL,220735
174,A2,3-Nov-06,MOVIE TICKET,73294
175,A3,3-Dec-06,JEWELLERY,411959
176,A4,12-Jan-04,PETRO,267942
177,A5,3-Jan-04,CLOTHES,58338
178,A6,15-Jan-04,FOOD,307956
179,A7,25-Jan-04,FOOD,248585
180,A8,17-Jan-05,FOOD,16305
181,A9,23-Feb-05,FOOD,262943
182,A10,1-Feb-05,FOOD,48395
183,A11,5-Feb-04,FOOD,58391
184,A12,28-Feb-05,FOOD,174729
185,A13,16-Feb-05,FOOD,432991
186,A14,23-Feb-05,FOOD,196408
187,A1,3-Feb-05,FOOD,480096
188,A2,4-Feb-06,FOOD,258293
189,A3,25-Mar-06,FOOD,18155
190,A4,31-Mar-06,FOOD,150893
191,A5,23-Mar-06,FOOD,454247
192,A6,24-Mar-06,FOOD,465788
193,A7,25-Mar-06,FOOD,251797
194,A8,26-Mar-06,FOOD,395889
195,A9,27-Mar-06,FOOD,96897
196,A10,28-Mar-06,FOOD,44826
197,A11,29-Mar-06,FOOD,47934
198,A12,30-Mar-06,SHOPPING,262942
199,A13,31-Mar-06,AIR TICKET,311782
200,A14,1-Apr-06,BUS TICKET,185061
201,A1,2-Apr-06,TRAIN TICKET,297988
202,A2,3-Apr-06,RENTAL,126061
203,A3,4-Apr-06,MOVIE TICKET,67041
204,A4,12-Jan-04,JEWELLERY,424408
205,A5,3-Jan-04,PETRO,298236
206,A6,15-Jan-04,CLOTHES,191203
207,A7,25-Jan-04,FOOD,383046
208,A8,12-Jan-04,CAMERA,189532
209,A9,3-Jan-04,CAMERA,330722
210,A10,15-Jan-04,CAMERA,392183
211,A11,25-Jan-04,CAMERA,454360
212,A12,12-Jan-04,SHOPPING,183831
213,A13,3-Jan-04,AIR TICKET,138174
214,A14,15-Jan-04,BUS TICKET,66288
215,A1,25-Jan-04,TRAIN TICKET,137374
216,A2,12-Jan-04,RENTAL,424953
217,A3,3-Jan-04,MOVIE TICKET,186267
218,A4,15-Jan-04,JEWELLERY,3714
219,A5,12-Jan-04,PETRO,271478
220,A6,3-Jan-04,CLOTHES,158711
221,A7,15-Jan-04,CLOTHES,233007
222,A8,25-Jan-04,CLOTHES,3491
223,A9,17-Jan-05,CLOTHES,354823
224,A10,23-Feb-05,CLOTHES,163250
225,A11,1-Feb-05,CLOTHES,207338
226,A12,5-Feb-04,CLOTHES,414392
227,A13,28-Feb-05,CLOTHES,456792
228,A14,16-Feb-05,CLOTHES,163746
229,A1,23-Feb-05,CLOTHES,275671
230,A2,3-Feb-05,CLOTHES,81242
231,A3,4-Feb-06,CLOTHES,345389
232,A4,25-Mar-06,CLOTHES,273754
233,A5,31-Mar-06,CLOTHES,345769
234,A6,23-Mar-06,CLOTHES,374940
235,A7,19-Mar-04,CLOTHES,450019
236,A8,5-Mar-06,CLOTHES,104107
237,A9,4-Apr-05,CAMERA,133836
238,A10,30-Apr-06,CAMERA,60213
239,A11,25-Apr-04,CAMERA,493104
240,A12,19-Apr-06,CAMERA,179585
241,A13,6-Apr-04,SHOPPING,267851
242,A14,27-Apr-05,AIR TICKET,469661
243,A1,5-May-04,BUS TICKET,131197
244,A2,6-May-06,TRAIN TICKET,442881
245,A3,7-May-05,RENTAL,119423
246,A4,8-May-06,MOVIE TICKET,332273
247,A5,9-May-05,JEWELLERY,199320
248,A6,10-May-06,PETRO,47669
249,A7,11-Jul-06,PETRO,392468
250,A8,12-Aug-05,PETRO,392429
251,A9,13-Sep-04,PETRO,324845
252,A10,20-Nov-05,PETRO,484426
253,A11,21-Nov-06,PETRO,261662
254,A12,22-Nov-05,PETRO,64787
255,A13,23-Nov-04,PETRO,489462
256,A14,24-May-05,PETRO,10472
257,A5,25-May-05,PETRO,316317
258,A6,26-May-05,PETRO,455409
259,A7,27-May-05,PETRO,76075
260,A8,28-May-05,PETRO,231382
261,A9,29-May-05,PETRO,203052
262,A10,30-May-05,PETRO,379332
263,A11,31-May-05,PETRO,337785
264,A12,1-Jun-05,CLOTHES,317210
265,A13,2-Jun-05,FOOD,172306
266,A14,3-Jun-05,CAMERA,81902
267,A15,3-Jul-05,CAMERA,196667
268,A16,3-Aug-05,CAMERA,270003
269,A17,3-Sep-05,CAMERA,434990
270,A18,3-Oct-05,SHOPPING,271506
271,A19,3-Nov-05,AIR TICKET,460342
272,A20,3-Dec-05,AIR TICKET,471713
273,A21,3-Jan-06,AIR TICKET,71685
274,A22,3-Feb-06,AIR TICKET,321667
275,A5,3-Mar-06,AIR TICKET,375467
276,A6,3-Apr-06,AIR TICKET,330719
277,A7,3-May-06,AIR TICKET,229328
278,A8,3-Jun-06,AIR TICKET,444347
279,A9,3-Jul-06,AIR TICKET,476269
280,A10,3-Aug-06,AIR TICKET,230894
281,A11,3-Sep-06,AIR TICKET,92871
282,A12,3-Oct-06,CAR,86873
283,A13,3-Nov-06,BIKE,64640
284,A14,3-Dec-06,AUTO,439357
285,A15,12-Jan-04,SHOPPING,74943
286,A16,3-Jan-04,AIR TICKET,171469
287,A17,15-Jan-04,BUS TICKET,33301
288,A18,25-Jan-04,TRAIN TICKET,469436
289,A19,17-Jan-05,RENTAL,499107
290,A20,23-Feb-05,MOVIE TICKET,312749
291,A21,1-Feb-05,JEWELLERY,18731
292,A22,5-Feb-04,PETRO,375837
293,A5,28-Feb-05,CLOTHES,498428
294,A6,16-Feb-05,FOOD,24993
295,A7,23-Feb-05,CAMERA,383353
296,A8,3-Feb-05,CAMERA,131684
297,A9,4-Feb-06,CAMERA,485290
298,A10,25-Mar-06,CAMERA,188916
299,A11,31-Mar-06,CAMERA,1848
300,A12,23-Mar-06,CAMERA,307629
301,A13,24-Mar-06,CAMERA,256733
302,A14,25-Mar-06,CAMERA,477945
303,A15,26-Mar-06,CAMERA,431342
304,A16,27-Mar-06,CAMERA,464807
305,A17,28-Mar-06,CAMERA,467707
306,A18,29-Mar-06,CAMERA,362759
307,A19,30-Mar-06,CLOTHES,61047
308,A20,31-Mar-06,FOOD,491208
309,A21,1-Apr-06,CAMERA,449161
310,A22,2-Apr-06,SANDALS,310482
311,A5,3-Apr-06,CAR,337909
312,A6,4-Apr-06,BIKE,386623
313,A7,12-Jan-04,AUTO,270632
314,A8,3-Jan-04,SHOPPING,461637
315,A9,15-Jan-04,AIR TICKET,437498
316,A10,25-Jan-04,BUS TICKET,137600
317,A11,12-Jan-04,TRAIN TICKET,142549
318,A12,3-Jan-04,RENTAL,136037
319,A13,15-Jan-04,MOVIE TICKET,42989
320,A14,25-Jan-04,JEWELLERY,50298
321,A15,12-Jan-04,PETRO,40550
322,A16,3-Jan-04,CLOTHES,47414
323,A17,15-Jan-04,FOOD,223872
324,A18,25-Jan-04,FOOD,413508
325,A19,12-Jan-04,FOOD,21625
326,A20,3-Jan-04,FOOD,189209
327,A21,15-Jan-04,FOOD,73690
328,A22,12-Jan-04,FOOD,482537
329,A5,3-Jan-04,FOOD,46011
330,A6,15-Jan-04,BUS TICKET,121425
331,A7,25-Jan-04,TRAIN TICKET,409098
332,A8,17-Jan-05,RENTAL,474811
333,A9,23-Feb-05,MOVIE TICKET,347612
334,A10,1-Feb-05,JEWELLERY,74635
335,A11,5-Feb-04,PETRO,443549
336,A12,28-Feb-05,CLOTHES,454420
337,A13,16-Feb-05,FOOD,247141
338,A14,23-Feb-05,CAMERA,428808
339,A15,3-Feb-05,SANDALS,202537
340,A16,4-Feb-06,CAR,164943
341,A17,25-Mar-06,BIKE,190590
342,A18,31-Mar-06,AUTO,425590
343,A19,23-Mar-06,SHOPPING,82893
344,A20,19-Mar-04,AIR TICKET,78189
345,A21,5-Mar-06,BUS TICKET,273123
346,A22,4-Apr-05,TRAIN TICKET,24305
347,A5,30-Apr-06,RENTAL,439346
348,A6,25-Apr-04,MOVIE TICKET,447983
349,A7,19-Apr-06,JEWELLERY,165879
350,A8,6-Apr-04,PETRO,398526
351,A9,27-Apr-05,CLOTHES,257587
352,A10,5-May-04,FOOD,480729
353,A11,6-May-06,CAMERA,103940
354,A12,7-May-05,CAMERA,406033
355,A13,8-May-06,CAMERA,91358
356,A14,9-May-05,CAMERA,259726
357,A15,10-May-06,SHOPPING,266910
358,A16,11-Jul-06,AIR TICKET,419581
359,A17,12-Aug-05,BUS TICKET,94787
360,A18,13-Sep-04,TRAIN TICKET,485280
361,A19,20-Nov-05,RENTAL,446877
362,A20,21-Nov-06,MOVIE TICKET,339227
363,A21,22-Nov-05,JEWELLERY,246986
364,A22,23-Nov-04,PETRO,289494
365,A12,24-May-05,CLOTHES,81819
366,A13,25-May-05,FOOD,455944
367,A14,26-May-05,FOOD,81882
368,A15,27-May-05,FOOD,498137
369,A16,28-May-05,FOOD,284755
370,A17,29-May-05,FOOD,269231
371,A18,30-May-05,FOOD,384470
372,A19,31-May-05,FOOD,327033
373,A20,1-Jun-05,FOOD,487418
374,A21,2-Jun-05,FOOD,32881
375,A22,3-Jun-05,FOOD,437677
376,A23,3-Jul-05,FOOD,412161
377,A24,3-Aug-05,FOOD,261447
378,A25,3-Sep-05,JEWELLERY,334589
379,A26,3-Oct-05,PETRO,29860
380,A27,3-Nov-05,CLOTHES,150805
381,A28,3-Dec-05,FOOD,41982
382,A29,3-Jan-06,CAMERA,485194
383,A30,3-Feb-06,BIKE,381923
384,A12,3-Mar-06,AUTO,44056
385,A13,3-Apr-06,SHOPPING,264120
386,A14,3-May-06,AIR TICKET,401578
387,A15,3-Jun-06,BUS TICKET,345428
388,A16,3-Jul-06,TRAIN TICKET,479005
389,A17,3-Aug-06,RENTAL,253375
390,A18,3-Sep-06,MOVIE TICKET,347294
391,A19,3-Oct-06,JEWELLERY,343739
392,A20,3-Nov-06,PETRO,126574
393,A21,3-Dec-06,PETRO,487363
394,A22,12-Jan-04,PETRO,64489
395,A23,3-Jan-04,PETRO,167915
396,A24,15-Jan-04,PETRO,349638
397,A25,25-Jan-04,PETRO,196612
398,A26,17-Jan-05,PETRO,347257
399,A27,23-Feb-05,PETRO,406178
400,A28,1-Feb-05,PETRO,270336
401,A29,5-Feb-04,PETRO,125440
402,A30,28-Feb-05,PETRO,401782
403,A12,16-Feb-05,RENTAL,393543
404,A13,23-Feb-05,MOVIE TICKET,486418
405,A14,3-Feb-05,JEWELLERY,497590
406,A15,4-Feb-06,PETRO,132583
407,A16,25-Mar-06,CLOTHES,268663
408,A17,31-Mar-06,FOOD,41324
409,A18,23-Mar-06,CAMERA,232392
410,A19,24-Mar-06,SANDALS,206598
411,A20,25-Mar-06,CAR,380304
412,A21,26-Mar-06,BIKE,464627
413,A22,27-Mar-06,AUTO,343445
414,A23,28-Mar-06,SHOPPING,118805
415,A24,29-Mar-06,AIR TICKET,329394
416,A25,30-Mar-06,BUS TICKET,384559
417,A26,31-Mar-06,TRAIN TICKET,71369
418,A27,1-Apr-06,RENTAL,302511
419,A28,2-Apr-06,MOVIE TICKET,102192
420,A29,3-Apr-06,JEWELLERY,63207
421,A30,4-Apr-06,PETRO,265943
422,A12,12-Jan-04,CLOTHES,364343
423,A13,3-Jan-04,FOOD,65272
424,A14,15-Jan-04,CAMERA,384160
425,A15,25-Jan-04,CAMERA,271181
426,A16,12-Jan-04,CAMERA,15069
427,A17,3-Jan-04,CAMERA,397230
428,A18,15-Jan-04,SHOPPING,59121
429,A19,25-Jan-04,AIR TICKET,21220
430,A20,12-Jan-04,BUS TICKET,22677
431,A21,3-Jan-04,TRAIN TICKET,445246
432,A22,15-Jan-04,RENTAL,387231
433,A23,25-Jan-04,MOVIE TICKET,421177
434,A24,12-Jan-04,JEWELLERY,263718
435,A25,3-Jan-04,PETRO,390403
436,A26,15-Jan-04,CLOTHES,282760
437,A27,12-Jan-04,FOOD,386221
438,A28,3-Jan-04,CAMERA,418401
439,A29,15-Jan-04,SANDALS,114757
440,A30,25-Jan-04,CAR,27857
441,A12,17-Jan-05,BIKE,225312
442,A13,23-Feb-05,AUTO,130344
443,A14,1-Feb-05,SHOPPING,43293
444,A15,5-Feb-04,AIR TICKET,194809
445,A16,28-Feb-05,BUS TICKET,420863
446,A17,16-Feb-05,TRAIN TICKET,273807
447,A18,23-Feb-05,TRAIN TICKET,68567
448,A19,3-Feb-05,TRAIN TICKET,486498
449,A20,4-Feb-06,TRAIN TICKET,458180
450,A21,25-Mar-06,TRAIN TICKET,57237
451,A22,31-Mar-06,TRAIN TICKET,175566
452,A23,23-Mar-06,TRAIN TICKET,325354
453,A24,19-Mar-04,TRAIN TICKET,30651
454,A25,5-Mar-06,TRAIN TICKET,142058
455,A26,4-Apr-05,TRAIN TICKET,419269
456,A27,30-Apr-06,TRAIN TICKET,31143
457,A28,25-Apr-04,TRAIN TICKET,324632
458,A29,19-Apr-06,TRAIN TICKET,286506
459,A30,6-Apr-04,TRAIN TICKET,28544
460,A12,27-Apr-05,TRAIN TICKET,494703
461,A13,5-May-04,TRAIN TICKET,335559
462,A14,6-May-06,TRAIN TICKET,116100
463,A15,7-May-05,TRAIN TICKET,127273
464,A16,8-May-06,TRAIN TICKET,311474
465,A17,9-May-05,TRAIN TICKET,303309
466,A18,10-May-06,TRAIN TICKET,171975
467,A19,11-Jul-06,TRAIN TICKET,53302
468,A20,12-Aug-05,TRAIN TICKET,284383
469,A21,13-Sep-04,TRAIN TICKET,213572
470,A22,20-Nov-05,TRAIN TICKET,447465
471,A23,21-Nov-06,TRAIN TICKET,88395
472,A24,22-Nov-05,TRAIN TICKET,360300
473,A25,23-Nov-04,AIR TICKET,93600
474,A26,24-May-05,AIR TICKET,344635
475,A27,25-May-05,AIR TICKET,237448
476,A28,26-May-05,AIR TICKET,412714
477,A29,27-May-05,AIR TICKET,412418
478,A30,28-May-05,AIR TICKET,74385
479,A12,29-May-05,AIR TICKET,24736
480,A13,30-May-05,AIR TICKET,142725
481,A14,31-May-05,AIR TICKET,173905
482,A15,1-Jun-05,AIR TICKET,473461
483,A16,2-Jun-05,CAMERA,160570
484,A17,3-Jun-05,CAMERA,364420
485,A18,3-Jul-05,CAMERA,453302
486,A19,3-Aug-05,SHOPPING,399549
487,A20,3-Sep-05,AIR TICKET,158625
488,A21,3-Oct-05,BUS TICKET,193723
489,A22,3-Nov-05,TRAIN TICKET,286231
490,A23,3-Dec-05,RENTAL,17918
491,A24,3-Jan-06,MOVIE TICKET,118949
492,A25,3-Feb-06,BIKE,271642
493,A26,3-Mar-06,AUTO,387190
494,A27,3-Apr-06,SHOPPING,93413
495,A28,3-May-06,AIR TICKET,495335
496,A29,3-Jun-06,BUS TICKET,113696
497,A30,3-Jul-06,TRAIN TICKET,404418
498,A12,3-Aug-06,RENTAL,347129
499,A13,3-Sep-06,MOVIE TICKET,250853
500,A14,3-Oct-06,JEWELLERY,113576
501,A15,3-Nov-06,PETRO,207100
502,A16,3-Dec-06,CLOTHES,220259
503,A17,12-Jan-04,FOOD,133064
504,A18,3-Jan-04,CAMERA,35521
505,A19,15-Jan-04,CAMERA,252625
506,A20,25-Jan-04,CAMERA,470775
507,A21,17-Jan-05,CAMERA,341922
508,A22,23-Feb-05,SHOPPING,68187
509,A23,1-Feb-05,AIR TICKET,345438
510,A24,5-Feb-04,BUS TICKET,457043
511,A25,28-Feb-05,TRAIN TICKET,81631
512,A26,16-Feb-05,TRAIN TICKET,203428
513,A27,23-Feb-05,TRAIN TICKET,390619
514,A28,3-Feb-05,TRAIN TICKET,190445
515,A29,4-Feb-06,TRAIN TICKET,222661
516,A30,25-Mar-06,TRAIN TICKET,235780
517,A12,31-Mar-06,TRAIN TICKET,262955
518,A13,23-Mar-06,TRAIN TICKET,437718
519,A14,24-Mar-06,TRAIN TICKET,431776
520,A15,25-Mar-06,TRAIN TICKET,3732
521,A16,26-Mar-06,TRAIN TICKET,445029
522,A17,27-Mar-06,AUTO,273115
523,A18,28-Mar-06,SHOPPING,370699
524,A19,29-Mar-06,AIR TICKET,70325
525,A20,30-Mar-06,BUS TICKET,82069
526,A21,31-Mar-06,TRAIN TICKET,147608
527,A22,1-Apr-06,RENTAL,330884
528,A23,2-Apr-06,MOVIE TICKET,400303
529,A24,3-Apr-06,JEWELLERY,363867
530,A25,4-Apr-06,PETRO,419035
531,A26,12-Jan-04,CLOTHES,147313
532,A27,3-Jan-04,FOOD,371599
533,A28,15-Jan-04,CAMERA,77123
534,A29,25-Jan-04,CAMERA,357247
535,A30,12-Jan-04,CAMERA,413121
536,A12,3-Jan-04,CAMERA,60760
537,A13,15-Jan-04,SHOPPING,387227
538,A14,25-Jan-04,AIR TICKET,14720
539,A15,12-Jan-04,BUS TICKET,407373
540,A16,3-Jan-04,TRAIN TICKET,488064
541,A17,15-Jan-04,RENTAL,250492
542,A18,25-Jan-04,MOVIE TICKET,40626
543,A19,12-Jan-04,JEWELLERY,389352
544,A20,3-Jan-04,PETRO,335161
545,A21,15-Jan-04,PETRO,393125
546,A22,12-Jan-04,PETRO,181409
547,A23,3-Jan-04,PETRO,397945
548,A24,15-Jan-04,PETRO,275843
549,A25,25-Jan-04,PETRO,261214
550,A26,17-Jan-05,PETRO,86871
551,A27,23-Feb-05,PETRO,291103
552,A28,1-Feb-05,PETRO,354106
553,A29,5-Feb-04,PETRO,114274
554,A30,28-Feb-05,PETRO,268861
555,A12,16-Feb-05,PETRO,91023
556,A13,23-Feb-05,PETRO,252031
557,A14,3-Feb-05,PETRO,314542
558,A15,4-Feb-06,PETRO,82813
559,A16,25-Mar-06,PETRO,261389
560,A17,31-Mar-06,PETRO,437573
561,A18,23-Mar-06,PETRO,25634
562,A19,19-Mar-04,PETRO,328667
563,A20,5-Mar-06,PETRO,40336
564,A21,4-Apr-05,PETRO,122290
565,A22,30-Apr-06,PETRO,261774
566,A23,25-Apr-04,PETRO,269637
567,A24,19-Apr-06,AIR TICKET,321893
568,A25,6-Apr-04,BUS TICKET,241890
569,A26,27-Apr-05,TRAIN TICKET,399044
570,A27,5-May-04,RENTAL,459450
571,A28,6-May-06,MOVIE TICKET,109469
572,A29,7-May-05,JEWELLERY,237720
573,A30,8-May-06,PETRO,108167
574,A12,9-May-05,CLOTHES,347034
575,A13,10-May-06,FOOD,161825
576,A14,11-Jul-06,CAMERA,480566
577,A15,12-Aug-05,SANDALS,338999
578,A16,13-Sep-04,CAR,364986
579,A17,20-Nov-05,BIKE,210398
580,A18,21-Nov-06,AUTO,441304
581,A19,22-Nov-05,SHOPPING,277548
582,A20,23-Nov-04,AIR TICKET,108210
583,A21,24-May-05,BUS TICKET,288689
584,A22,25-May-05,TRAIN TICKET,455216
585,A23,26-May-05,RENTAL,486925
586,A24,27-May-05,MOVIE TICKET,119467
587,A25,28-May-05,JEWELLERY,327055
588,A26,29-May-05,PETRO,311845
589,A27,30-May-05,CLOTHES,487254
590,A28,31-May-05,FOOD,215222
591,A29,1-Jun-05,CAMERA,414628
592,A30,2-Jun-05,CAMERA,347631
593,A12,3-Jun-05,CAMERA,209438
594,A13,3-Jul-05,CAMERA,461890
595,A14,3-Aug-05,SHOPPING,74705
596,A15,3-Sep-05,AIR TICKET,131357
597,A16,3-Oct-05,BUS TICKET,244510
598,A17,3-Nov-05,TRAIN TICKET,140179
599,A18,3-Dec-05,RENTAL,368364
600,A19,3-Jan-06,MOVIE TICKET,354958
601,A20,3-Feb-06,BIKE,475923
602,A21,3-Mar-06,AUTO,135443
603,A22,3-Apr-06,SHOPPING,428560
604,A23,3-May-06,AIR TICKET,242738
605,A24,3-Jun-06,BUS TICKET,378582
606,A25,3-Jul-06,TRAIN TICKET,488054
607,A26,3-Aug-06,TRAIN TICKET,166209
608,A27,3-Sep-06,TRAIN TICKET,362184
609,A28,3-Oct-06,TRAIN TICKET,4443
610,A29,3-Nov-06,TRAIN TICKET,355886
611,A30,3-Dec-06,TRAIN TICKET,6837
612,A21,12-Jan-04,TRAIN TICKET,117549
613,A22,3-Jan-04,TRAIN TICKET,80387
614,A23,15-Jan-04,CAMERA,18883
615,A24,25-Jan-04,CAMERA,86986
616,A25,17-Jan-05,CAMERA,136289
617,A26,23-Feb-05,SHOPPING,77629
618,A27,1-Feb-05,AIR TICKET,242934
619,A28,5-Feb-04,BUS TICKET,326363
620,A29,28-Feb-05,TRAIN TICKET,175330
621,A30,16-Feb-05,RENTAL,244034
622,A31,23-Feb-05,MOVIE TICKET,28076
623,A32,3-Feb-05,JEWELLERY,333127
624,A33,4-Feb-06,PETRO,184822
625,A34,25-Mar-06,CLOTHES,211900
626,A35,31-Mar-06,FOOD,301170
627,A36,23-Mar-06,CAMERA,80694
628,A37,24-Mar-06,SANDALS,48610
629,A38,25-Mar-06,CAR,75670
630,A39,26-Mar-06,BIKE,382542
631,A40,27-Mar-06,AUTO,137657
632,A41,28-Mar-06,SHOPPING,203774
633,A42,29-Mar-06,AIR TICKET,434414
634,A43,30-Mar-06,AIR TICKET,262665
635,A44,31-Mar-06,AIR TICKET,111488
636,A45,1-Apr-06,AIR TICKET,465106
637,A46,2-Apr-06,AIR TICKET,64084
638,A47,3-Apr-06,AIR TICKET,78589
639,A48,4-Apr-06,PETRO,411858
640,A49,12-Jan-04,CLOTHES,3583
641,A21,3-Jan-04,FOOD,334633
642,A22,15-Jan-04,CAMERA,475895
643,A23,25-Jan-04,CAMERA,284558
644,A24,12-Jan-04,CAMERA,217563
645,A25,3-Jan-04,CAMERA,435256
646,A26,15-Jan-04,SHOPPING,33465
647,A27,25-Jan-04,AIR TICKET,382458
648,A28,12-Jan-04,BUS TICKET,78364
649,A29,3-Jan-04,TRAIN TICKET,241238
650,A30,15-Jan-04,RENTAL,57535
651,A31,25-Jan-04,MOVIE TICKET,72599
652,A32,12-Jan-04,JEWELLERY,255699
653,A33,3-Jan-04,PETRO,274941
654,A34,15-Jan-04,CLOTHES,395430
655,A35,12-Jan-04,FOOD,77299
656,A36,3-Jan-04,CAMERA,31796
657,A37,15-Jan-04,SANDALS,499561
658,A38,25-Jan-04,CAR,327570
659,A39,17-Jan-05,BIKE,421689
660,A40,23-Feb-05,AUTO,365506
661,A41,1-Feb-05,SHOPPING,387226
662,A42,5-Feb-04,AIR TICKET,125103
663,A43,28-Feb-05,BUS TICKET,479558
664,A44,16-Feb-05,TRAIN TICKET,74389
665,A45,23-Feb-05,RENTAL,177965
666,A46,3-Feb-05,MOVIE TICKET,363899
667,A47,4-Feb-06,JEWELLERY,368980
668,A48,25-Mar-06,PETRO,372732
669,A49,31-Mar-06,CLOTHES,312967
670,A21,23-Mar-06,FOOD,421515
671,A22,19-Mar-04,FOOD,364044
672,A23,5-Mar-06,FOOD,223703
673,A24,4-Apr-05,FOOD,291037
674,A25,30-Apr-06,FOOD,90391
675,A26,25-Apr-04,FOOD,65746
676,A27,19-Apr-06,FOOD,15603
677,A28,6-Apr-04,FOOD,190368
678,A29,27-Apr-05,FOOD,207840
679,A30,5-May-04,FOOD,224696
680,A31,6-May-06,FOOD,79192
681,A32,7-May-05,FOOD,291420
682,A33,8-May-06,FOOD,31178
683,A34,9-May-05,FOOD,256843
684,A35,10-May-06,FOOD,281766
685,A36,11-Jul-06,FOOD,294222
686,A37,12-Aug-05,FOOD,460562
687,A38,13-Sep-04,FOOD,231792
688,A39,20-Nov-05,FOOD,475867
689,A40,21-Nov-06,AUTO,316844
690,A41,22-Nov-05,SHOPPING,411340
691,A42,23-Nov-04,AIR TICKET,274672
692,A43,24-May-05,BUS TICKET,91633
693,A44,25-May-05,BUS TICKET,129412
694,A45,26-May-05,BUS TICKET,375814
695,A46,27-May-05,BUS TICKET,165621
696,A47,28-May-05,BUS TICKET,55230
697,A48,29-May-05,BUS TICKET,365360
698,A49,30-May-05,CLOTHES,271284
699,A21,31-May-05,FOOD,279952
700,A22,1-Jun-05,CAMERA,451202
701,A23,2-Jun-05,CAMERA,299429
702,A24,3-Jun-05,CAMERA,457108
703,A25,3-Jul-05,CAMERA,9014
704,A26,3-Aug-05,SHOPPING,379937
705,A27,3-Sep-05,AIR TICKET,485336
706,A28,3-Oct-05,BUS TICKET,90332
707,A29,3-Nov-05,TRAIN TICKET,273678
708,A30,3-Dec-05,RENTAL,487357
709,A31,3-Jan-06,MOVIE TICKET,239815
710,A32,3-Feb-06,BIKE,126921
711,A33,3-Mar-06,AUTO,229182
712,A34,3-Apr-06,SHOPPING,69830
713,A35,3-May-06,AIR TICKET,322950
714,A36,3-Jun-06,BUS TICKET,463530
715,A37,3-Jul-06,TRAIN TICKET,12919
716,A38,3-Aug-06,RENTAL,124171
717,A39,3-Sep-06,MOVIE TICKET,389436
718,A40,3-Oct-06,JEWELLERY,86571
719,A41,3-Nov-06,PETRO,290710
720,A42,3-Dec-06,PETRO,41443
721,A43,12-Jan-04,PETRO,141634
722,A44,3-Jan-04,PETRO,107038
723,A45,15-Jan-04,PETRO,55207
724,A46,25-Jan-04,PETRO,43217
725,A47,17-Jan-05,PETRO,246616
726,A48,23-Feb-05,PETRO,341637
727,A49,1-Feb-05,PETRO,413748
728,A21,5-Feb-04,BUS TICKET,406001
729,A22,28-Feb-05,TRAIN TICKET,217064
730,A23,16-Feb-05,RENTAL,145364
731,A24,23-Feb-05,MOVIE TICKET,107498
732,A25,3-Feb-05,JEWELLERY,64364
733,A26,4-Feb-06,PETRO,80373
734,A27,25-Mar-06,CLOTHES,242368
735,A28,31-Mar-06,FOOD,415817
736,A29,23-Mar-06,CAMERA,404556
737,A30,24-Mar-06,SANDALS,17627
738,A31,25-Mar-06,CAR,130073
739,A32,26-Mar-06,BIKE,241999
740,A33,27-Mar-06,AUTO,386280
741,A34,28-Mar-06,SHOPPING,15754
742,A35,29-Mar-06,AIR TICKET,262392
743,A36,30-Mar-06,BUS TICKET,72825
744,A37,31-Mar-06,TRAIN TICKET,157829
745,A38,1-Apr-06,RENTAL,354920
746,A39,2-Apr-06,MOVIE TICKET,422576
747,A40,3-Apr-06,JEWELLERY,491557
748,A41,4-Apr-06,PETRO,469337
749,A42,12-Jan-04,CLOTHES,483551
750,A43,3-Jan-04,FOOD,65847
751,A44,15-Jan-04,CAMERA,83449
752,A45,25-Jan-04,CAMERA,299434
753,A46,12-Jan-04,CAMERA,29721
754,A47,3-Jan-04,CAMERA,309708
755,A48,15-Jan-04,SHOPPING,260549
756,A49,25-Jan-04,SHOPPING,437600
757,A21,12-Jan-04,SHOPPING,21623
758,A22,3-Jan-04,SHOPPING,361605
759,A23,15-Jan-04,SHOPPING,152583
760,A24,25-Jan-04,SHOPPING,203686
761,A25,12-Jan-04,SHOPPING,46095
762,A26,3-Jan-04,SHOPPING,298167
763,A27,15-Jan-04,SHOPPING,354219
764,A28,12-Jan-04,SHOPPING,497682
765,A29,3-Jan-04,SHOPPING,465419
766,A30,15-Jan-04,SHOPPING,376669
767,A31,25-Jan-04,SHOPPING,295701
768,A32,17-Jan-05,SHOPPING,432762
769,A33,23-Feb-05,SHOPPING,79786
770,A34,1-Feb-05,SHOPPING,67181
771,A35,5-Feb-04,SHOPPING,478867
772,A36,28-Feb-05,SHOPPING,388347
773,A37,16-Feb-05,SHOPPING,229977
774,A38,23-Feb-05,SHOPPING,326965
775,A39,3-Feb-05,SHOPPING,300116
776,A40,4-Feb-06,SHOPPING,372616
777,A41,25-Mar-06,SHOPPING,32404
778,A42,31-Mar-06,SHOPPING,5241
779,A43,23-Mar-06,FOOD,62206
780,A44,19-Mar-04,CAMERA,3109
781,A45,5-Mar-06,CAMERA,321460
782,A46,4-Apr-05,CAMERA,138707
783,A47,30-Apr-06,CAMERA,105797
784,A48,25-Apr-04,SHOPPING,140566
785,A49,19-Apr-06,AIR TICKET,231529
786,A21,6-Apr-04,BUS TICKET,288150
787,A22,27-Apr-05,TRAIN TICKET,126738
788,A23,5-May-04,RENTAL,317525
789,A24,6-May-06,MOVIE TICKET,249946
790,A25,7-May-05,JEWELLERY,29651
791,A26,8-May-06,PETRO,311962
792,A27,9-May-05,CLOTHES,179783
793,A28,10-May-06,FOOD,374827
794,A29,11-Jul-06,FOOD,284384
795,A30,12-Aug-05,FOOD,287085
796,A31,13-Sep-04,FOOD,170019
797,A32,20-Nov-05,FOOD,25564
798,A33,21-Nov-06,FOOD,446937
799,A34,22-Nov-05,FOOD,393199
800,A35,23-Nov-04,FOOD,463996
801,A36,24-May-05,FOOD,226001
802,A37,25-May-05,FOOD,3901
803,A38,26-May-05,FOOD,445556
804,A39,27-May-05,FOOD,218793
805,A40,28-May-05,FOOD,85197
806,A41,29-May-05,FOOD,221690
807,A42,30-May-05,FOOD,41174
808,A43,31-May-05,FOOD,275276
809,A44,1-Jun-05,FOOD,145497
810,A45,2-Jun-05,CAMERA,171590
811,A46,3-Jun-05,CAMERA,355222
812,A47,3-Jul-05,CAMERA,205241
813,A48,3-Aug-05,SHOPPING,444817
814,A49,3-Sep-05,AIR TICKET,10872
815,A21,3-Oct-05,BUS TICKET,125837
816,A22,3-Nov-05,TRAIN TICKET,412716
817,A23,3-Dec-05,RENTAL,445525
818,A24,3-Jan-06,MOVIE TICKET,135665
819,A25,3-Feb-06,BIKE,364630
820,A26,3-Mar-06,AUTO,122860
821,A27,3-Apr-06,SHOPPING,480548
822,A28,3-May-06,AIR TICKET,447398
823,A29,3-Jun-06,BUS TICKET,20656
824,A30,3-Jul-06,TRAIN TICKET,399030
825,A31,3-Aug-06,RENTAL,22417
826,A32,3-Sep-06,MOVIE TICKET,472566
827,A33,3-Oct-06,JEWELLERY,313962
828,A34,3-Nov-06,PETRO,372795
829,A35,3-Dec-06,CLOTHES,140924
830,A36,12-Jan-04,FOOD,361797
831,A37,3-Jan-04,FOOD,23733
832,A38,15-Jan-04,FOOD,426580
833,A39,25-Jan-04,FOOD,285286
834,A40,17-Jan-05,FOOD,186488
835,A41,23-Feb-05,FOOD,289691
836,A42,1-Feb-05,FOOD,47436
837,A43,5-Feb-04,FOOD,489807
838,A44,28-Feb-05,FOOD,361943
839,A45,16-Feb-05,FOOD,38424
840,A46,23-Feb-05,FOOD,42720
841,A47,3-Feb-05,FOOD,64796
842,A48,4-Feb-06,FOOD,73845
843,A49,25-Mar-06,PETRO,493834
844,A21,31-Mar-06,PETRO,287259
845,A22,23-Mar-06,PETRO,341071
846,A23,24-Mar-06,PETRO,307067
847,A24,25-Mar-06,PETRO,114740
848,A25,26-Mar-06,PETRO,471635
849,A26,27-Mar-06,PETRO,48424
850,A27,28-Mar-06,PETRO,86533
851,A28,29-Mar-06,PETRO,328261
852,A29,30-Mar-06,PETRO,321094
853,A30,31-Mar-06,PETRO,356596
854,A31,1-Apr-06,PETRO,58257
855,A32,2-Apr-06,PETRO,113119
856,A33,3-Apr-06,PETRO,454046
857,A34,4-Apr-06,PETRO,404232
858,A35,12-Jan-04,PETRO,343935
859,A36,3-Jan-04,PETRO,390749
860,A37,15-Jan-04,CAMERA,363151
861,A38,25-Jan-04,CAMERA,368684
862,A39,12-Jan-04,CAMERA,231789
863,A40,3-Jan-04,CAMERA,480604
864,A41,15-Jan-04,SHOPPING,140834
865,A42,25-Jan-04,AIR TICKET,269551
866,A43,12-Jan-04,BUS TICKET,102912
867,A44,3-Jan-04,TRAIN TICKET,101499
868,A45,15-Jan-04,RENTAL,150622
869,A46,25-Jan-04,MOVIE TICKET,139257
870,A47,12-Jan-04,JEWELLERY,394015
871,A48,3-Jan-04,JEWELLERY,53685
872,A49,15-Jan-04,JEWELLERY,414297
873,A21,12-Jan-04,JEWELLERY,204398
874,A22,3-Jan-04,JEWELLERY,93080
875,A23,15-Jan-04,JEWELLERY,383404
876,A24,25-Jan-04,JEWELLERY,433510
877,A25,17-Jan-05,JEWELLERY,238830
878,A26,23-Feb-05,JEWELLERY,334919
879,A27,1-Feb-05,JEWELLERY,118327
880,A28,5-Feb-04,JEWELLERY,485051
881,A29,28-Feb-05,JEWELLERY,94374
882,A30,16-Feb-05,JEWELLERY,166731
883,A31,23-Feb-05,JEWELLERY,153184
884,A32,3-Feb-05,JEWELLERY,301886
885,A33,4-Feb-06,JEWELLERY,47900
886,A34,25-Mar-06,PETRO,389156
887,A35,31-Mar-06,CLOTHES,150248
888,A36,23-Mar-06,FOOD,133360
889,A37,19-Mar-04,CAMERA,352181
890,A38,5-Mar-06,CAMERA,465287
891,A39,4-Apr-05,CAMERA,246626
892,A40,30-Apr-06,CAMERA,465492
893,A41,25-Apr-04,SHOPPING,162169
894,A42,19-Apr-06,AIR TICKET,208086
895,A43,6-Apr-04,BUS TICKET,342545
896,A44,27-Apr-05,TRAIN TICKET,251397
897,A45,5-May-04,RENTAL,406793
898,A46,6-May-06,MOVIE TICKET,465677
899,A47,7-May-05,JEWELLERY,175541
900,A48,8-May-06,PETRO,327520
901,A49,9-May-05,CLOTHES,361071
902,A21,10-May-06,FOOD,41087
903,A22,11-Jul-06,CAMERA,27819
904,A23,12-Aug-05,SANDALS,35958
905,A24,13-Sep-04,CAR,378056
906,A25,20-Nov-05,BIKE,369570
907,A26,21-Nov-06,AUTO,437635
908,A27,22-Nov-05,SHOPPING,369571
909,A28,23-Nov-04,AIR TICKET,272314
910,A29,24-May-05,BUS TICKET,287399
911,A30,25-May-05,TRAIN TICKET,247165
912,A31,26-May-05,RENTAL,180820
913,A32,27-May-05,MOVIE TICKET,409387
914,A33,28-May-05,JEWELLERY,219923
915,A34,29-May-05,PETRO,26028
916,A35,30-May-05,CLOTHES,257054
917,A36,31-May-05,FOOD,198728
918,A37,1-Jun-05,CAMERA,266669
919,A38,2-Jun-05,CAMERA,93676
920,A39,3-Jun-05,CAMERA,126224
921,A40,3-Jul-05,CAMERA,362166
922,A41,3-Aug-05,SHOPPING,23730
923,A42,3-Sep-05,AIR TICKET,446806
924,A43,3-Oct-05,BUS TICKET,368227
925,A44,3-Nov-05,TRAIN TICKET,102789
926,A45,3-Dec-05,RENTAL,332819
927,A46,3-Jan-06,MOVIE TICKET,295898
928,A47,3-Feb-06,BIKE,109549
929,A48,3-Mar-06,AUTO,377802
930,A49,3-Apr-06,SHOPPING,146344
931,A21,3-May-06,AIR TICKET,475475
932,A22,3-Jun-06,BUS TICKET,495242
933,A23,3-Jul-06,TRAIN TICKET,438891
934,A24,3-Aug-06,RENTAL,408037
935,A25,3-Sep-06,MOVIE TICKET,215665
936,A26,3-Oct-06,JEWELLERY,272061
937,A27,3-Nov-06,PETRO,209042
938,A28,3-Dec-06,PETRO,188699
939,A29,12-Jan-04,PETRO,272875
940,A30,3-Jan-04,PETRO,111314
941,A31,15-Jan-04,PETRO,118508
942,A32,25-Jan-04,PETRO,221208
943,A33,17-Jan-05,PETRO,408414
944,A34,23-Feb-05,PETRO,453879
945,A35,1-Feb-05,PETRO,37293
946,A36,5-Feb-04,PETRO,80101
947,A37,28-Feb-05,PETRO,222800
948,A38,16-Feb-05,PETRO,67272
949,A39,23-Feb-05,PETRO,180337
950,A40,3-Feb-05,PETRO,234393
951,A41,4-Feb-06,PETRO,96959
952,A42,25-Mar-06,PETRO,117742
953,A43,31-Mar-06,PETRO,105830
954,A44,23-Mar-06,CAMERA,326126
955,A45,24-Mar-06,SANDALS,224499
956,A46,25-Mar-06,CAR,31185
957,A47,26-Mar-06,BIKE,454597
958,A48,27-Mar-06,AUTO,234669
959,A49,28-Mar-06,SHOPPING,171983
960,A21,29-Mar-06,SHOPPING,176419
961,A22,30-Mar-06,SHOPPING,280890
962,A23,31-Mar-06,SHOPPING,443573
963,A24,1-Apr-06,SHOPPING,296600
964,A25,2-Apr-06,SHOPPING,280367
965,A26,3-Apr-06,SHOPPING,423825
966,A27,4-Apr-06,SHOPPING,367306
967,A28,12-Jan-04,SHOPPING,365360
968,A29,3-Jan-04,SHOPPING,47938
969,A30,15-Jan-04,SHOPPING,120334
970,A31,25-Jan-04,SHOPPING,138875
971,A32,12-Jan-04,SHOPPING,384831
972,A33,3-Jan-04,SHOPPING,361135
973,A34,15-Jan-04,SHOPPING,66479
974,A35,25-Jan-04,SHOPPING,218937
975,A36,12-Jan-04,SHOPPING,126729
976,A37,3-Jan-04,SHOPPING,276031
977,A38,15-Jan-04,BUS TICKET,322283
978,A39,25-Jan-04,BUS TICKET,408006
979,A40,12-Jan-04,BUS TICKET,436559
980,A41,3-Jan-04,BUS TICKET,347501
981,A42,15-Jan-04,BUS TICKET,352810
982,A43,12-Jan-04,BUS TICKET,202279
983,A44,3-Jan-04,CAMERA,66667
984,A45,15-Jan-04,SANDALS,255277
985,A46,25-Jan-04,CAR,192898
986,A47,17-Jan-05,BIKE,85429
987,A48,23-Feb-05,AUTO,350967
988,A49,1-Feb-05,SHOPPING,76868
989,A36,5-Feb-04,AIR TICKET,265232
990,A37,28-Feb-05,BUS TICKET,486824
991,A38,16-Feb-05,TRAIN TICKET,155284
992,A39,23-Feb-05,RENTAL,32511
993,A40,3-Feb-05,MOVIE TICKET,408898
994,A41,4-Feb-06,JEWELLERY,289915
995,A42,25-Mar-06,PETRO,254194
996,A43,31-Mar-06,CLOTHES,212027
997,A44,23-Mar-06,FOOD,49824
998,A45,19-Mar-04,CAMERA,460767
999,A46,5-Mar-06,CAMERA,436881
1000,A47,4-Apr-05,CAMERA,231172
1001,A48,30-Apr-06,CAMERA,41933
1002,A49,25-Apr-04,SHOPPING,65661
1003,A50,19-Apr-06,AIR TICKET,408018
1004,A51,6-Apr-04,BUS TICKET,38351
1005,A52,27-Apr-05,TRAIN TICKET,13909
1006,A53,5-May-04,RENTAL,111267
1007,A54,6-May-06,MOVIE TICKET,147881
1008,A55,7-May-05,JEWELLERY,267738
1009,A56,8-May-06,PETRO,403032
1010,A57,9-May-05,CLOTHES,298913
1011,A58,10-May-06,FOOD,32073
1012,A59,11-Jul-06,CAMERA,367491
1013,A60,12-Aug-05,SANDALS,395305
1014,A61,13-Sep-04,CAR,87522
1015,A60,20-Nov-05,BIKE,40825
1016,A61,21-Nov-06,BIKE,29436
1017,A62,22-Nov-05,BIKE,137542
1018,A36,23-Nov-04,BIKE,16654
1019,A37,24-May-05,BIKE,307910
1020,A38,25-May-05,BIKE,186407
1021,A39,26-May-05,BIKE,404609
1022,A40,27-May-05,BIKE,432761
1023,A41,28-May-05,BIKE,205362
1024,A42,29-May-05,BIKE,167580
1025,A43,30-May-05,BIKE,358139
1026,A44,31-May-05,BIKE,453217
1027,A45,1-Jun-05,CAMERA,423375
1028,A46,2-Jun-05,CAMERA,106861
1029,A47,3-Jun-05,CAMERA,88118
1030,A48,3-Jul-05,CAMERA,402655
1031,A49,3-Aug-05,SHOPPING,202664
1032,A50,3-Sep-05,AIR TICKET,370385
1033,A51,3-Oct-05,BUS TICKET,15182
1034,A52,3-Nov-05,TRAIN TICKET,187796
1035,A53,3-Dec-05,RENTAL,49095
1036,A54,3-Jan-06,MOVIE TICKET,302617
1037,A55,3-Feb-06,BIKE,444670
1038,A56,3-Mar-06,AUTO,40730
1039,A57,3-Apr-06,SHOPPING,476568
1040,A58,3-May-06,AIR TICKET,229449
1041,A59,3-Jun-06,BUS TICKET,177196
1042,A60,3-Jul-06,TRAIN TICKET,28886
1043,A61,3-Aug-06,RENTAL,221932
1044,A60,3-Sep-06,RENTAL,385463
1045,A61,3-Oct-06,RENTAL,499181
1046,A62,3-Nov-06,RENTAL,346394
1047,A36,3-Dec-06,RENTAL,255209
1048,A37,12-Jan-04,RENTAL,428018
1049,A38,3-Jan-04,RENTAL,403004
1050,A39,15-Jan-04,RENTAL,450346
1051,A40,25-Jan-04,RENTAL,229011
1052,A41,17-Jan-05,CAMERA,476912
1053,A42,23-Feb-05,SHOPPING,289232
1054,A43,1-Feb-05,AIR TICKET,189398
1055,A44,5-Feb-04,BUS TICKET,178788
1056,A45,28-Feb-05,TRAIN TICKET,339982
1057,A46,16-Feb-05,RENTAL,246186
1058,A47,23-Feb-05,MOVIE TICKET,274076
1059,A48,3-Feb-05,JEWELLERY,467972
1060,A49,4-Feb-06,PETRO,100523
1061,A50,25-Mar-06,CLOTHES,256215
1062,A51,31-Mar-06,FOOD,116860
1063,A52,23-Mar-06,CAMERA,320703
1064,A53,24-Mar-06,SANDALS,390713
1065,A54,25-Mar-06,CAR,250742
1066,A55,26-Mar-06,BIKE,412088
1067,A56,27-Mar-06,AUTO,97071
1068,A57,28-Mar-06,SHOPPING,474079
1069,A58,29-Mar-06,AIR TICKET,71406
1070,A59,30-Mar-06,BUS TICKET,472922
1071,A60,31-Mar-06,TRAIN TICKET,76042
1072,A61,1-Apr-06,RENTAL,20635
1073,A60,2-Apr-06,MOVIE TICKET,440424
1074,A61,3-Apr-06,JEWELLERY,100107
1075,A62,4-Apr-06,PETRO,233415
1076,A36,12-Jan-04,CLOTHES,499682
1077,A37,3-Jan-04,FOOD,407571
1078,A38,15-Jan-04,FOOD,26650
1079,A39,25-Jan-04,FOOD,399933
1080,A40,12-Jan-04,FOOD,412196
1081,A41,3-Jan-04,FOOD,471095
1082,A42,15-Jan-04,FOOD,337501
1083,A43,25-Jan-04,FOOD,464532
1084,A44,12-Jan-04,FOOD,392057
1085,A45,3-Jan-04,FOOD,9619
1086,A46,15-Jan-04,FOOD,186027
1087,A47,25-Jan-04,FOOD,373672
1088,A48,12-Jan-04,FOOD,274383
1089,A49,3-Jan-04,FOOD,236231
1090,A50,15-Jan-04,CLOTHES,399464
1091,A51,12-Jan-04,FOOD,176818
1092,A52,3-Jan-04,CAMERA,46296
1093,A53,15-Jan-04,SANDALS,2710
1094,A54,25-Jan-04,CAR,67786
1095,A55,17-Jan-05,BIKE,214435
1096,A56,23-Feb-05,AUTO,395216
1097,A57,1-Feb-05,SHOPPING,245896
1098,A58,5-Feb-04,AIR TICKET,289279
1099,A59,28-Feb-05,BUS TICKET,6637
1100,A60,16-Feb-05,TRAIN TICKET,149916
1101,A61,23-Feb-05,RENTAL,126936
1102,A60,3-Feb-05,MOVIE TICKET,288497
1103,A61,4-Feb-06,JEWELLERY,80123
1104,A62,25-Mar-06,PETRO,422923
1105,A36,31-Mar-06,CLOTHES,80134
1106,A37,23-Mar-06,FOOD,178695
1107,A38,19-Mar-04,CAMERA,34893
1108,A39,5-Mar-06,CAMERA,360395
1109,A40,4-Apr-05,CAMERA,487862
1110,A41,30-Apr-06,CAMERA,354418
1111,A42,25-Apr-04,SHOPPING,315944
1112,A43,19-Apr-06,AIR TICKET,150140
1113,A44,6-Apr-04,BUS TICKET,452376
1114,A45,27-Apr-05,TRAIN TICKET,288068
1115,A46,5-May-04,RENTAL,339116
1116,A47,6-May-06,MOVIE TICKET,230230
1117,A48,7-May-05,JEWELLERY,288751
1118,A49,8-May-06,PETRO,80000
1119,A50,9-May-05,PETRO,439360
1120,A51,10-May-06,PETRO,234450
1121,A52,11-Jul-06,PETRO,112495
1122,A53,12-Aug-05,PETRO,14918
1123,A54,13-Sep-04,PETRO,180975
1124,A55,20-Nov-05,PETRO,352845
1125,A56,21-Nov-06,PETRO,370828
1126,A57,22-Nov-05,PETRO,96195
1127,A58,23-Nov-04,PETRO,322579
1128,A59,24-May-05,PETRO,156646
1129,A60,25-May-05,PETRO,458873
1130,A61,26-May-05,RENTAL,460279
1131,A60,27-May-05,MOVIE TICKET,372150
1132,A61,28-May-05,JEWELLERY,163119
1133,A62,29-May-05,PETRO,104608
1134,A36,30-May-05,PETRO,338875
1135,A37,31-May-05,PETRO,447552
1136,A38,1-Jun-05,PETRO,52764
1137,A39,2-Jun-05,PETRO,316470
1138,A40,3-Jun-05,PETRO,96336
1139,A41,3-Jul-05,PETRO,175554
1140,A42,3-Aug-05,PETRO,19622
1141,A43,3-Sep-05,PETRO,68333
1142,A44,3-Oct-05,PETRO,416920
1143,A45,3-Nov-05,PETRO,343668
1144,A46,3-Dec-05,PETRO,147253
1145,A47,3-Jan-06,PETRO,89310
1146,A48,3-Feb-06,BIKE,460754
1147,A49,3-Mar-06,AUTO,295907
1148,A50,3-Apr-06,SHOPPING,258158
1149,A51,3-May-06,AIR TICKET,276238
1150,A52,3-Jun-06,BUS TICKET,67818
1151,A53,3-Jul-06,TRAIN TICKET,783
1152,A54,3-Aug-06,RENTAL,259128
1153,A55,3-Sep-06,MOVIE TICKET,116737
1154,A56,3-Oct-06,JEWELLERY,330680
1155,A57,3-Nov-06,PETRO,82323
1156,A58,3-Dec-06,CLOTHES,460402
1157,A59,12-Jan-04,FOOD,465292
1158,A60,3-Jan-04,CAMERA,231510
1159,A61,15-Jan-04,CAMERA,189169
1160,A60,25-Jan-04,CAMERA,394881
1161,A61,17-Jan-05,CAMERA,15467
1162,A62,23-Feb-05,SHOPPING,97426
1163,A36,1-Feb-05,AIR TICKET,176924
1164,A37,5-Feb-04,BUS TICKET,312982
1165,A38,28-Feb-05,TRAIN TICKET,252621
1166,A39,16-Feb-05,RENTAL,151237
1167,A40,23-Feb-05,MOVIE TICKET,49085
1168,A41,3-Feb-05,JEWELLERY,273457
1169,A42,4-Feb-06,PETRO,368519
1170,A43,25-Mar-06,CLOTHES,29115
1171,A44,31-Mar-06,FOOD,237472
1172,A45,23-Mar-06,CAMERA,367644
1173,A46,24-Mar-06,SANDALS,243183
1174,A47,25-Mar-06,CAR,122179
1175,A48,26-Mar-06,BIKE,489069
1176,A49,27-Mar-06,AUTO,55824
1177,A50,28-Mar-06,SHOPPING,150130
1178,A51,29-Mar-06,AIR TICKET,23630
1179,A52,30-Mar-06,BUS TICKET,491614
1180,A53,31-Mar-06,TRAIN TICKET,183951
1181,A54,1-Apr-06,RENTAL,54894
1182,A55,2-Apr-06,MOVIE TICKET,187740
1183,A56,3-Apr-06,JEWELLERY,472160
1184,A57,4-Apr-06,PETRO,183530
1185,A58,12-Jan-04,CLOTHES,368696
1186,A59,3-Jan-04,FOOD,297297
1187,A60,15-Jan-04,CAMERA,13951
1188,A61,25-Jan-04,CAMERA,97549
1189,A60,12-Jan-04,CAMERA,55649
1190,A61,3-Jan-04,CAMERA,328696
1191,A62,15-Jan-04,SHOPPING,267873
1192,A36,25-Jan-04,AIR TICKET,76944
1193,A37,12-Jan-04,BUS TICKET,333730
1194,A38,3-Jan-04,TRAIN TICKET,32860
1195,A39,15-Jan-04,RENTAL,479576
1196,A40,25-Jan-04,MOVIE TICKET,268653
1197,A41,12-Jan-04,JEWELLERY,36298
1198,A42,3-Jan-04,PETRO,497377
1199,A43,15-Jan-04,CLOTHES,121369
1200,A44,12-Jan-04,FOOD,284228
1201,A45,3-Jan-04,CAMERA,316881
1202,A46,15-Jan-04,SANDALS,174910
1203,A47,25-Jan-04,CAR,48368
1204,A48,17-Jan-05,BIKE,470129
1205,A49,23-Feb-05,AUTO,19414
1206,A50,1-Feb-05,SHOPPING,393264
1207,A51,5-Feb-04,AIR TICKET,110512
1208,A52,28-Feb-05,BUS TICKET,281289
1209,A53,16-Feb-05,TRAIN TICKET,226374
1210,A54,23-Feb-05,RENTAL,463647
1211,A55,3-Feb-05,MOVIE TICKET,484952
1212,A56,4-Feb-06,JEWELLERY,227157
1213,A57,25-Mar-06,PETRO,486486
1214,A58,31-Mar-06,CLOTHES,347218
1215,A59,23-Mar-06,FOOD,438065
1216,A60,19-Mar-04,CAMERA,457223
1217,A61,5-Mar-06,CAMERA,340867
1218,A60,4-Apr-05,CAMERA,262963
1219,A61,30-Apr-06,CAMERA,167304
1220,A62,25-Apr-04,SHOPPING,80397
1221,A36,19-Apr-06,AIR TICKET,414530
1222,A37,6-Apr-04,BUS TICKET,24652
1223,A38,27-Apr-05,TRAIN TICKET,485329
1224,A39,5-May-04,RENTAL,78422
1225,A40,6-May-06,MOVIE TICKET,174426
1226,A41,7-May-05,JEWELLERY,475817
1227,A42,8-May-06,PETRO,447971
1228,A43,9-May-05,CLOTHES,52298
1229,A44,10-May-06,FOOD,475323
1230,A45,11-Jul-06,CAMERA,365341
1231,A46,12-Aug-05,SANDALS,108505
1232,A47,13-Sep-04,CAR,283047
1233,A48,20-Nov-05,BIKE,15038
1234,A49,21-Nov-06,AUTO,336436
1235,A50,22-Nov-05,SHOPPING,400667
1236,A51,23-Nov-04,AIR TICKET,305062
1237,A52,24-May-05,AIR TICKET,199828
1238,A53,25-May-05,AIR TICKET,168181
1239,A54,26-May-05,AIR TICKET,445980
1240,A55,27-May-05,AIR TICKET,135629
1241,A56,28-May-05,AIR TICKET,73703
1242,A57,29-May-05,AIR TICKET,7135
1243,A58,30-May-05,AIR TICKET,403477
1244,A59,31-May-05,AIR TICKET,207136
1245,A60,1-Jun-05,AIR TICKET,59676
1246,A61,2-Jun-05,AIR TICKET,321724
1247,A60,3-Jun-05,AIR TICKET,43506
1248,A61,3-Jul-05,AIR TICKET,83211
1249,A62,3-Aug-05,AIR TICKET,328626
1250,A36,3-Sep-05,AIR TICKET,168871
1251,A37,3-Oct-05,AIR TICKET,432705
1252,A38,3-Nov-05,AIR TICKET,300171
1253,A39,3-Dec-05,AIR TICKET,127838
1254,A40,3-Jan-06,AIR TICKET,276288
1255,A41,3-Feb-06,AIR TICKET,494051
1256,A42,3-Mar-06,AIR TICKET,225619
1257,A43,3-Apr-06,AIR TICKET,329009
1258,A44,3-May-06,AIR TICKET,351740
1259,A45,3-Jun-06,AIR TICKET,359986
1260,A46,3-Jul-06,AIR TICKET,60020
1261,A47,3-Aug-06,AIR TICKET,302105
1262,A48,3-Sep-06,AIR TICKET,75853
1263,A49,3-Oct-06,JEWELLERY,183164
1264,A50,3-Nov-06,PETRO,74140
1265,A51,3-Dec-06,CLOTHES,123277
1266,A52,12-Jan-04,FOOD,176825
1267,A53,3-Jan-04,CAMERA,280096
1268,A54,15-Jan-04,CAMERA,284596
1269,A55,25-Jan-04,CAMERA,299995
1270,A56,17-Jan-05,CAMERA,421086
1271,A57,23-Feb-05,SHOPPING,100057
1272,A58,1-Feb-05,AIR TICKET,4993
1273,A59,5-Feb-04,BUS TICKET,329085
1274,A60,28-Feb-05,TRAIN TICKET,381212
1275,A61,16-Feb-05,RENTAL,111136
1276,A60,23-Feb-05,MOVIE TICKET,174697
1277,A61,3-Feb-05,JEWELLERY,347712
1278,A62,4-Feb-06,PETRO,402759
1279,A36,25-Mar-06,CLOTHES,374784
1280,A37,31-Mar-06,CLOTHES,427943
1281,A38,23-Mar-06,CLOTHES,212170
1282,A39,24-Mar-06,CLOTHES,333318
1283,A40,25-Mar-06,CLOTHES,290024
1284,A41,26-Mar-06,CLOTHES,112669
1285,A42,27-Mar-06,CLOTHES,379581
1286,A43,28-Mar-06,CLOTHES,70856
1287,A44,29-Mar-06,CLOTHES,179148
1288,A45,30-Mar-06,CLOTHES,463025
1289,A46,31-Mar-06,TRAIN TICKET,56611
1290,A47,1-Apr-06,RENTAL,308876
1291,A48,2-Apr-06,MOVIE TICKET,463312
1292,A49,3-Apr-06,JEWELLERY,338270
1293,A50,4-Apr-06,PETRO,312721
1294,A51,12-Jan-04,CLOTHES,171640
1295,A52,3-Jan-04,FOOD,112588
1296,A53,15-Jan-04,CAMERA,474618
1297,A54,25-Jan-04,CAMERA,429559
1298,A55,12-Jan-04,CAMERA,67675
1299,A56,3-Jan-04,CAMERA,336674
1300,A57,15-Jan-04,SHOPPING,292499
1301,A58,25-Jan-04,AIR TICKET,324402
1302,A59,12-Jan-04,BUS TICKET,344713
1303,A60,3-Jan-04,TRAIN TICKET,428584
1304,A61,15-Jan-04,RENTAL,80860
1305,A60,25-Jan-04,MOVIE TICKET,392893
1306,A61,12-Jan-04,JEWELLERY,312049
1307,A62,3-Jan-04,PETRO,21683
1308,A36,15-Jan-04,CLOTHES,417585
1309,A37,12-Jan-04,FOOD,273220
1310,A38,3-Jan-04,CAMERA,83592
1311,A39,15-Jan-04,SANDALS,162559
1312,A40,25-Jan-04,CAR,406113
1313,A41,17-Jan-05,BIKE,407700
1314,A42,23-Feb-05,AUTO,362257
1315,A43,1-Feb-05,SHOPPING,3000
1316,A44,5-Feb-04,AIR TICKET,287054
1317,A45,28-Feb-05,BUS TICKET,269467
1318,A46,16-Feb-05,TRAIN TICKET,285534
1319,A47,23-Feb-05,TRAIN TICKET,260153
1320,A48,3-Feb-05,TRAIN TICKET,425290
1321,A49,4-Feb-06,TRAIN TICKET,265806
1322,A50,25-Mar-06,TRAIN TICKET,260628
1323,A51,31-Mar-06,TRAIN TICKET,37427
1324,A52,23-Mar-06,TRAIN TICKET,391451
1325,A53,19-Mar-04,TRAIN TICKET,45118
1326,A54,5-Mar-06,TRAIN TICKET,437904
1327,A55,4-Apr-05,TRAIN TICKET,156959
1328,A56,30-Apr-06,TRAIN TICKET,36635
1329,A57,25-Apr-04,TRAIN TICKET,215909
1330,A58,19-Apr-06,TRAIN TICKET,312863
1331,A59,6-Apr-04,TRAIN TICKET,94478
1332,A60,27-Apr-05,TRAIN TICKET,324724
1333,A61,5-May-04,RENTAL,342071
1334,A60,6-May-06,MOVIE TICKET,225719
1335,A61,7-May-05,JEWELLERY,497998
1336,A62,8-May-06,PETRO,446658
1337,A36,9-May-05,CLOTHES,445701
1338,A37,10-May-06,FOOD,3876
1339,A38,11-Jul-06,CAMERA,478279
1340,A39,12-Aug-05,SANDALS,132415
1341,A40,13-Sep-04,CAR,390204
1342,A41,20-Nov-05,BIKE,15215
1343,A42,21-Nov-06,AUTO,406434
1344,A43,22-Nov-05,SHOPPING,110178
1345,A44,23-Nov-04,AIR TICKET,204499
1346,A45,24-May-05,BUS TICKET,149582
1347,A46,25-May-05,TRAIN TICKET,290889
1348,A47,26-May-05,RENTAL,35088
1349,A48,27-May-05,MOVIE TICKET,200011
1350,A49,28-May-05,JEWELLERY,426446
1351,A50,29-May-05,PETRO,84902
1352,A51,30-May-05,PETRO,315335
1353,A52,31-May-05,PETRO,100910
1354,A53,1-Jun-05,PETRO,305141
1355,A54,2-Jun-05,PETRO,248651
1356,A55,3-Jun-05,PETRO,185064
1357,A56,3-Jul-05,PETRO,30870
1358,A57,3-Aug-05,PETRO,490136
1359,A58,3-Sep-05,PETRO,157449
1360,A59,3-Oct-05,PETRO,296474
1361,A60,3-Nov-05,PETRO,461729
1362,A61,3-Dec-05,PETRO,62732
1363,A60,3-Jan-06,PETRO,339168
1364,A61,3-Feb-06,PETRO,342947
1365,A62,3-Mar-06,CAR,46360
1366,A36,3-Apr-06,BIKE,292583
1367,A37,3-May-06,AUTO,148247
1368,A38,3-Jun-06,SHOPPING,166518
1369,A39,3-Jul-06,AIR TICKET,387435
1370,A40,3-Aug-06,BUS TICKET,8458
1371,A41,3-Sep-06,TRAIN TICKET,477069
1372,A42,3-Oct-06,RENTAL,183022
1373,A43,3-Nov-06,MOVIE TICKET,68315
1374,A44,3-Dec-06,JEWELLERY,352764
1375,A45,12-Jan-04,PETRO,139907
1376,A46,3-Jan-04,CLOTHES,119189
1377,A47,15-Jan-04,CLOTHES,335158
1378,A48,25-Jan-04,CLOTHES,229453
1379,A49,17-Jan-05,CLOTHES,237520
1380,A50,23-Feb-05,CLOTHES,495814
1381,A51,1-Feb-05,CLOTHES,263755
1382,A52,5-Feb-04,CLOTHES,111958
1383,A53,28-Feb-05,CLOTHES,199582
1384,A54,16-Feb-05,CLOTHES,224691
1385,A55,23-Feb-05,CLOTHES,181949
1386,A56,3-Feb-05,CLOTHES,411438
1387,A57,4-Feb-06,CLOTHES,212322
1388,A58,25-Mar-06,JEWELLERY,290681
1389,A59,31-Mar-06,PETRO,178730
1390,A60,23-Mar-06,CLOTHES,176568
1391,A61,24-Mar-06,FOOD,470810
1392,A60,25-Mar-06,FOOD,29717
1393,A61,26-Mar-06,FOOD,335750
1394,A62,27-Mar-06,FOOD,47935
1395,A36,28-Mar-06,FOOD,285699
1396,A37,29-Mar-06,FOOD,10032
1397,A38,30-Mar-06,FOOD,2690
1398,A39,31-Mar-06,FOOD,94072
1399,A40,1-Apr-06,FOOD,403496
1400,A41,2-Apr-06,FOOD,319487
1401,A42,3-Apr-06,RENTAL,458384
1402,A43,4-Apr-06,MOVIE TICKET,55620
1403,A44,12-Jan-04,JEWELLERY,258691
1404,A45,3-Jan-04,PETRO,303660
1405,A46,15-Jan-04,CLOTHES,351750
1406,A47,25-Jan-04,FOOD,340945
1407,A48,12-Jan-04,CAMERA,21256
1408,A49,3-Jan-04,CAMERA,286687
1409,A50,15-Jan-04,CAMERA,192940
1410,A51,25-Jan-04,CAMERA,45029
1411,A52,12-Jan-04,SHOPPING,412259
1412,A53,3-Jan-04,AIR TICKET,119996
1413,A54,15-Jan-04,AIR TICKET,392107
1414,A55,25-Jan-04,AIR TICKET,82639
1415,A56,12-Jan-04,AIR TICKET,166142
1416,A57,3-Jan-04,AIR TICKET,183086
1417,A58,15-Jan-04,AIR TICKET,10197
1418,A59,12-Jan-04,AIR TICKET,378154
1419,A60,3-Jan-04,AIR TICKET,132286
1420,A61,15-Jan-04,AIR TICKET,79152
1421,A60,25-Jan-04,AIR TICKET,247808
1422,A61,17-Jan-05,AIR TICKET,437498
1423,A62,23-Feb-05,AIR TICKET,213841
1424,A36,1-Feb-05,AIR TICKET,108214
1425,A37,5-Feb-04,AIR TICKET,177817
1426,A38,28-Feb-05,AIR TICKET,246129
1427,A39,16-Feb-05,AIR TICKET,70600
1428,A40,23-Feb-05,BUS TICKET,395409
1429,A41,3-Feb-05,TRAIN TICKET,79119
1430,A42,4-Feb-06,RENTAL,328168
1431,A43,25-Mar-06,MOVIE TICKET,428694
1432,A44,31-Mar-06,JEWELLERY,155598
1433,A45,23-Mar-06,JEWELLERY,54337
1434,A46,19-Mar-04,JEWELLERY,451292
1435,A47,5-Mar-06,JEWELLERY,174322
1436,A48,4-Apr-05,JEWELLERY,381934
1437,A49,30-Apr-06,JEWELLERY,364737
1438,A50,25-Apr-04,JEWELLERY,420797
1439,A51,19-Apr-06,JEWELLERY,388094
1440,A52,6-Apr-04,JEWELLERY,57496
1441,A53,27-Apr-05,JEWELLERY,362542
1442,A54,5-May-04,JEWELLERY,256686
1443,A55,6-May-06,JEWELLERY,184032
1444,A56,7-May-05,JEWELLERY,38253
1445,A57,8-May-06,JEWELLERY,403493
1446,A58,9-May-05,JEWELLERY,279418
1447,A59,10-May-06,JEWELLERY,361248
1448,A60,11-Jul-06,JEWELLERY,157325
1449,A61,12-Aug-05,AIR TICKET,471603
1450,A60,13-Sep-04,BUS TICKET,359392
1451,A61,20-Nov-05,BUS TICKET,171176
1452,A62,21-Nov-06,BUS TICKET,467880
1453,A63,22-Nov-05,BUS TICKET,418275
1454,A36,23-Nov-04,BUS TICKET,448334
1455,A37,24-May-05,BUS TICKET,328994
1456,A38,25-May-05,BUS TICKET,130326
1457,A39,26-May-05,BUS TICKET,147646
1458,A40,27-May-05,BUS TICKET,448998
1459,A41,28-May-05,BUS TICKET,414300
1460,A42,29-May-05,BUS TICKET,487541
1461,A43,30-May-05,CAMERA,113018
1462,A44,31-May-05,SHOPPING,457947
1463,A45,1-Jun-05,AIR TICKET,288538
1464,A46,2-Jun-05,BUS TICKET,491488
1465,A47,3-Jun-05,TRAIN TICKET,50014
1466,A48,3-Jul-05,RENTAL,188084
1467,A49,3-Aug-05,MOVIE TICKET,241363
1468,A50,3-Sep-05,MOVIE TICKET,90815
1469,A51,3-Oct-05,MOVIE TICKET,198351
1470,A52,3-Nov-05,MOVIE TICKET,486809
1471,A53,3-Dec-05,MOVIE TICKET,138245
1472,A54,3-Jan-06,MOVIE TICKET,298933
1473,A55,3-Feb-06,MOVIE TICKET,278295
1474,A56,3-Mar-06,MOVIE TICKET,52501
1475,A57,3-Apr-06,MOVIE TICKET,101034
1476,A58,3-May-06,AUTO,413650
1477,A59,3-Jun-06,SHOPPING,472619
1478,A60,3-Jul-06,AIR TICKET,184830
1479,A61,3-Aug-06,BUS TICKET,225904
1480,A60,3-Sep-06,TRAIN TICKET,134716
1481,A61,3-Oct-06,RENTAL,304586
1482,A62,3-Nov-06,MOVIE TICKET,112567
1483,A56,3-Dec-06,JEWELLERY,45335
1484,A57,12-Jan-04,PETRO,123485
1485,A58,3-Jan-04,CLOTHES,358782
1486,A59,15-Jan-04,FOOD,333603
1487,A60,25-Jan-04,CAMERA,347656
1488,A61,17-Jan-05,CAMERA,256284
1489,A60,23-Feb-05,CAMERA,499078
1490,A61,1-Feb-05,CAMERA,441487
1491,A62,5-Feb-04,SHOPPING,242398
1492,A63,28-Feb-05,AIR TICKET,475612
1493,A64,16-Feb-05,BUS TICKET,125184
1494,A65,23-Feb-05,BUS TICKET,446973
1495,A66,3-Feb-05,BUS TICKET,826
1496,A67,4-Feb-06,BUS TICKET,195841
1497,A68,25-Mar-06,BUS TICKET,284263
1498,A69,31-Mar-06,BUS TICKET,206552
1499,A70,23-Mar-06,BUS TICKET,41025
1500,A71,24-Mar-06,BUS TICKET,101398
